mode,game,run,seed,rounds,total1,total2,total_score,elapsed_sec
scot,bos,1,920000,10,70.0,100.0,170.0,19.112017154693604
scot,pd,1,920001,10,50.0,50.0,100.0,18.216754913330078
scot,harmony,1,920002,10,30.0,30.0,60.0,18.098398447036743
scot,deadlock,1,920003,10,20.0,20.0,40.0,18.005053997039795
