mode,game,run,seed,rounds,total1,total2,total_score,elapsed_sec
psbr,bos,1,930000,10,14.0,20.0,34.0,15.619609117507935
psbr,pd,1,930001,10,68.0,68.0,136.0,12.160720109939575
psbr,harmony,1,930002,10,27.0,27.0,54.0,11.991822481155396
psbr,deadlock,1,930003,10,19.0,19.0,38.0,12.142562866210938
