mode,game,run,seed,rounds,total1,total2,total_score,elapsed_sec
psbr,bos,1,600000,200,143.0,197.0,340.0,389.6256060600281
psbr,pd,1,600001,200,1319.0,1329.0,2648.0,370.8208680152893
psbr,deadlock,1,600002,200,399.0,399.0,798.0,343.0206413269043
psbr,samaritan,1,600003,200,351.0,-177.0,174.0,411.0960052013397
psbr,lemons,1,600004,200,411.0,325.0,736.0,494.73443961143494
