mode,game,runs,mean_total_score,std_total_score,min_total_score,max_total_score,mean_total1,mean_total2,mean_elapsed_sec
psbr,bos,25,1149.2,512.6611128871261,102.0,1700.0,522.04,627.16,171.4268981075287
psbr,deadlock,25,399.92,0.27688746209728266,399.0,400.0,199.84,200.08,141.78984530448915
psbr,harmony,25,600.0,0.0,600.0,600.0,300.0,300.0,142.03824608802796
psbr,pd,25,1459.36,32.683941010838936,1390.0,1522.0,723.08,736.28,145.2531601333618
