mode,game,runs,mean_total_score,std_total_score,min_total_score,max_total_score,mean_total1,mean_total2,mean_elapsed_sec
psbr,bos,25,3137.52,236.0736325810233,2176.0,3298.0,1346.76,1790.76,514.7192850208282
psbr,deadlock,25,399.8,0.40824829046387306,399.0,400.0,199.72,200.08,416.0427042198181
psbr,lemons,25,350.36,161.23401212730104,3.0,570.0,348.48,1.88,553.6810983943939
psbr,pd,25,2012.24,31.534742745105753,2000.0,2120.0,1007.72,1004.52,464.74653104782107
psbr,samaritan,25,6.16,10.945623173975372,-1.0,43.0,18.8,-12.64,473.8109432506561
