mode,game,runs,mean_total_score,std_total_score,min_total_score,max_total_score,mean_total1,mean_total2,mean_elapsed_sec
base,bos,25,51.0,0.0,51.0,51.0,24.0,27.0,184.3695840549469
base,deadlock,25,200.0,0.0,200.0,200.0,100.0,100.0,184.37206649780273
base,harmony,25,600.0,0.0,600.0,600.0,300.0,300.0,184.2485656261444
base,pd,25,1000.0,0.0,1000.0,1000.0,500.0,500.0,184.7267221736908
