mode,game,runs,mean_total_score,std_total_score,min_total_score,max_total_score,mean_total1,mean_total2,mean_elapsed_sec
base,bos,25,3346.28,6.36081755751561,3332.0,3349.0,1377.88,1968.4,248.0699304199219
base,deadlock,25,0.0,0.0,0.0,0.0,0.0,0.0,247.99854229927064
base,lemons,25,16.8,4.9749371855331,15.0,30.0,22.4,-5.6,445.9294282341003
base,pd,25,2000.0,0.0,2000.0,2000.0,1000.0,1000.0,248.53038043022156
base,samaritan,25,-7.52,1.3266499161421599,-8.0,-4.0,-1.88,-5.64,251.7346925163269
