mode,game,runs,mean_total_score,std_total_score,min_total_score,max_total_score,mean_total1,mean_total2,mean_elapsed_sec
scot,bos,25,3398.64,4.707086855653565,3383.0,3400.0,1399.44,1999.2,502.47550998687746
scot,deadlock,25,400.0,0.0,400.0,400.0,200.0,200.0,499.44833387374877
scot,lemons,25,3.0,0.0,3.0,3.0,4.0,-1.0,897.4592865371704
scot,pd,25,2000.0,0.0,2000.0,2000.0,1000.0,1000.0,502.8189375686645
scot,samaritan,25,-800.0,0.0,-800.0,-800.0,-200.0,-600.0,509.4913211727142
