mode,game,runs,mean_total_score,std_total_score,min_total_score,max_total_score,mean_total1,mean_total2,mean_elapsed_sec
psbr,bos,25,3153.16,175.6520424020171,2737.0,3383.0,1429.64,1723.52,518.4923505973816
psbr,deadlock,25,399.96,0.19999999999999912,399.0,400.0,199.92,200.04,420.21504543304445
psbr,lemons,25,313.52,129.27622880225636,-1.0,498.0,321.48,-7.96,559.6886652946472
psbr,pd,25,2018.96,54.18523784205437,2000.0,2240.0,1007.68,1011.28,468.2560216522217
psbr,samaritan,25,10.36,17.49495165278639,-2.0,70.0,28.36,-18.0,478.56505980491636
