mode,game,runs,mean_total_score,std_total_score,min_total_score,max_total_score,mean_total1,mean_total2,mean_elapsed_sec
scot,bos,1,170.0,0.0,170.0,170.0,70.0,100.0,19.112017154693604
scot,deadlock,1,40.0,0.0,40.0,40.0,20.0,20.0,18.005053997039795
scot,harmony,1,60.0,0.0,60.0,60.0,30.0,30.0,18.098398447036743
scot,pd,1,100.0,0.0,100.0,100.0,50.0,50.0,18.216754913330078
